{"week":{"min":1.0,"max":6500.0,"average":96.1978021978022},"terabyte":{"min":1.0,"max":300.0,"average":44.333333333333336},"year":{"min":0.0,"max":2.0152016E7,"average":19484.795600366637},"megabyte":{"min":2.0,"max":1490.0,"average":85.05291005291005},"kilobyte":{"min":1.0,"max":80404.0,"average":2026.6553672316384},"gigabyte":{"min":2.0,"max":450.0,"average":20.857142857142858},"celcius":{"min":0.0,"max":3.308335739116983E24,"average":8.250213813259905E21},"bit":{"min":0.0,"max":4.832118587421184E39,"average":3.993486435885278E37},"percent":{"min":0.0,"max":151696.0,"average":434.66838046272494},"second":{"min":0.0,"max":193830.0,"average":819.8359908883826},"pound":{"min":2.0,"max":33191.0,"average":1536.8367346938776},"ton":{"min":60000.0,"max":60000.0,"average":60000.0},"hour":{"min":1.0,"max":40000.0,"average":102.14629948364887},"fahrenheit":{"min":0.0,"max":6.974117697669747E31,"average":9.554251206778988E29},"kilogram":{"min":49.0,"max":49.0,"average":49.0},"day":{"min":0.0,"max":8.38909263176042E25,"average":8.551572509439775E22},"foot":{"min":2.0,"max":1.12123409E8,"average":1305716.387755102},"meter":{"min":0.0,"max":3.339350591594615E52,"average":7.212420284221631E49},"mile":{"min":1.0,"max":533000.0,"average":5380.245901639344},"byte":{"min":1.0,"max":1.650784E7,"average":434871.2653061224},"gram":{"min":0.0,"max":2002.0,"average":275.8666666666667},"degree":{"min":1.0,"max":434.0,"average":136.38095238095238},"gigahertz":{"min":22.0,"max":890.0,"average":143.23076923076923},"am":{"min":1.0,"max":9.291503304489633E35,"average":9.394846617316809E32},"minute":{"min":1.0,"max":2.015022E7,"average":138508.43642611685},"hertz":{"min":5.0,"max":45.0,"average":9.818181818181818},"month":{"min":1.0,"max":122014.0,"average":522.409282700422},"kilometer":{"min":1.0,"max":840000.0,"average":10015.463087248321},"ounce":{"min":6.0,"max":1968.0,"average":187.8181818181818},"inch":{"min":0.0,"max":2.014121E7,"average":453112.3081081081},"pm":{"min":1.0,"max":1.000201311E11,"average":4.555547963944298E7}}