{"data_byte":{"min":0.0,"max":4.832118587421184E39,"average":8.260031773369549E36},"distance":{"min":0.0,"max":3.339350591594615E52,"average":2.9577950324132993E49},"temperature":{"min":0.0,"max":6.974117697669747E31,"average":1.4683376235331022E29},"weight":{"min":0.0,"max":60000.0,"average":1380.9223300970873},"angle":{"min":1.0,"max":434.0,"average":136.38095238095238},"time":{"min":0.0,"max":9.291503304489633E35,"average":1.262604063781116E32},"percent":{"min":0.0,"max":151696.0,"average":434.66838046272494},"frequency":{"min":5.0,"max":890.0,"average":78.8}}