{"application/xml":{"min":0.0,"max":1800716.0,"average":8528.465573770492},"text/html":{"min":0.0,"max":4444.0,"average":242.4681246},"application/atom+xml":{"min":0.0,"max":5013.0,"average":281.42152466367713},"application/rdf+xml":{"min":1.0,"max":1.033902010017E12,"average":1.0020188385615419E11},"text/x-matlab":{"min":0.0,"max":255.0,"average":10.0},"application/rss+xml":{"min":0.0,"max":2.01502110453351E26,"average":1.9587800849147025E25},"image/svg+xml":{"min":600.0,"max":600.0,"average":333.3333333333333},"application/x-bibtex-text-file":{"min":3.0,"max":100.0,"average":18.0},"application/xhtml+xml":{"min":0.0,"max":1.0097791094517117E34,"average":7.741480463869838E29},"text/plain":{"min":0.0,"max":3.873883893903914E91,"average":6.783197152694649E87}}