{"image/jpeg": 0.014012561576940696, "image/svg+xml": 0.09668275846092982, "video/quicktime": 0.001678466796875, "image/png": 0.04687151173592899, "image/vnd.microsoft.icon": 0.061560974249900154, "application/vnd.openxmlformats-officedocument.wordprocessingml.document": 0.010540572370745495, "application/pdf": 0.09431330247391469, "application/gzip": 1.1464056487654488, "application/vnd.google-earth.kmz": 0.07635184536423058, "application/x-tika-ooxml": 0.001678466796875, "image/gif": 0.33640020288748784, "application/xml": 0.43911894553957853, "text/x-php": 0.3239344973430214, "application/x-bibtex-text-file": 0.8281181137064786, "application/x-elc": 0.04418752051283954, "application/x-gtar": 0.001678466796875, "application/rdf+xml": 0.18767893589786322, "text/plain": 10.82671551236579, "application/xhtml+xml": 0.12074830331046917, "text/x-matlab": 0.9546961246173302, "application/atom+xml": 0.20365598594036965, "text/html": 0.31197048564637697, "application/rss+xml": 0.3671809238181737, "video/mp4": 0.00168388825105243, "application/zip": 0.001678466796875, "application/msword": 0.005741381431577519}