{"image/jpeg": 0.00012673513742461054, "image/svg+xml": 0.0008789341678266348, "video/quicktime": 1.52587890625e-05, "image/png": 0.00042610465214480876, "image/vnd.microsoft.icon": 0.0005596452204536379, "application/vnd.openxmlformats-officedocument.wordprocessingml.document": 5.888587916617595e-05, "application/pdf": 1.590318785078942e-05, "application/gzip": 0.009623797450005113, "application/vnd.google-earth.kmz": 0.0006272370240376184, "application/x-tika-ooxml": 1.52587890625e-05, "image/gif": 0.003058183662613526, "application/xml": 0.0008353513800280124, "text/x-php": 0.00010844810758052273, "application/x-bibtex-text-file": 0.00044072278536800354, "application/x-elc": 0.00040170473193490495, "application/x-gtar": 1.52587890625e-05, "application/rdf+xml": 3.251102674436679e-05, "text/plain": 0.08853712256555393, "application/xhtml+xml": 4.335166584563491e-05, "text/x-matlab": 0.0014219885781314146, "application/atom+xml": 0.0004021464524677335, "text/html": 0.0006982777813212896, "application/rss+xml": 0.0003822720975336118, "video/mp4": 1.5308075009567547e-05, "application/zip": 1.52587890625e-05, "application/msword": 2.4526752986695628e-05}