{"NLTK":{"application/xml":0.001366428642323314,"image/png":0.0,"application/octet-stream":"NaN","image/jpeg":0.0,"application/pdf":5.361865991397459E-4,"application/msword":4.663133467344054E-5,"application/atom+xml":4.313004975785382E-5,"image/gif":0.0,"application/rdf+xml":2.89465822224138E-4,"application/rss+xml":0.0020517678666784707,"image/svg+xml":5.575498246974642E-6,"text/x-php":3.86739539098059E-4,"application/xhtml+xml":0.04490904343698842,"text/html":0.10013510287948786,"text/x-matlab":0.0015484592323060712,"application/vnd.google-earth.kmz":0.005236120318582402,"application/zip":0.0,"image/vnd.microsoft.icon":0.0,"video/quicktime":0.0,"application/x-gtar":0.0,"text/plain":0.06117940458497862},"CoreNLP":{"application/xml":0.001366428642323314,"image/png":0.0,"application/octet-stream":"NaN","image/jpeg":0.0,"application/pdf":5.361865991397459E-4,"application/msword":4.663133467344054E-5,"application/atom+xml":4.313004975785382E-5,"image/gif":0.0,"application/rdf+xml":2.89465822224138E-4,"application/rss+xml":0.0020517678666784707,"image/svg+xml":5.575498246974642E-6,"text/x-php":3.86739539098059E-4,"application/xhtml+xml":0.04490904343698842,"text/html":0.10013510287948786,"text/x-matlab":0.0015484592323060712,"application/vnd.google-earth.kmz":0.005236120318582402,"application/zip":0.0,"image/vnd.microsoft.icon":0.0,"video/quicktime":0.0,"application/x-gtar":0.0,"text/plain":0.06117940458497862},"OpenNLP":{"application/xml":0.001366428642323314,"image/png":0.0,"application/octet-stream":"NaN","image/jpeg":0.0,"application/pdf":5.361865991397459E-4,"application/msword":4.663133467344054E-5,"application/atom+xml":4.313004975785382E-5,"image/gif":0.0,"application/rdf+xml":2.89465822224138E-4,"application/rss+xml":0.0020517678666784707,"image/svg+xml":5.575498246974642E-6,"text/x-php":3.86739539098059E-4,"application/xhtml+xml":0.04490904343698842,"text/html":0.10013510287948786,"text/x-matlab":0.0015484592323060712,"application/vnd.google-earth.kmz":0.005236120318582402,"application/zip":0.0,"image/vnd.microsoft.icon":0.0,"video/quicktime":0.0,"application/x-gtar":0.0,"text/plain":0.06117940458497862}}