{"NLTK":{"application/xml":4.131624982999595E-4,"image/png":0.0013613620477176494,"application/octet-stream":"Infinity","image/jpeg":7.751761393523186E-4,"application/pdf":3.24616490460984E-5,"application/msword":2.05745626316772E-6,"application/atom+xml":3.061820097493643E-4,"image/gif":0.006030315859268414,"application/rdf+xml":2.6940015547175868E-5,"application/rss+xml":0.0016375174127440687,"image/svg+xml":1.2549565779494687E-4,"text/x-php":6.2485568559543246E-6,"application/xhtml+xml":0.010007054974651814,"text/html":0.07190058926825184,"text/x-matlab":2.6930469273645814E-4,"application/vnd.google-earth.kmz":9.971343900640362E-5,"application/zip":9.145832578064579E-7,"image/vnd.microsoft.icon":1.686343377940025E-4,"video/quicktime":1.8291665156129158E-6,"application/x-gtar":9.322848692478732E-7,"text/plain":1.0708985194249498},"CoreNLP":{"application/xml":3.175893124851135E-4,"image/png":0.0012969939248153011,"application/octet-stream":"Infinity","image/jpeg":7.336053225508622E-4,"application/pdf":2.973906457328335E-5,"application/msword":1.84910626183428E-6,"application/atom+xml":2.0276975976215369E-4,"image/gif":0.005745098516749595,"application/rdf+xml":1.770196423885311E-5,"application/rss+xml":0.0013035445958206808,"image/svg+xml":8.642559725939514E-5,"text/x-php":8.974437363585406E-6,"application/xhtml+xml":0.008586616167835017,"text/html":0.06428833086436007,"text/x-matlab":2.53140420610377E-4,"application/vnd.google-earth.kmz":8.221985321580649E-5,"application/zip":8.378762748936582E-7,"image/vnd.microsoft.icon":1.4587733467654967E-4,"video/quicktime":1.6757525497873163E-6,"application/x-gtar":8.378762748936582E-7,"text/plain":1.0551826618478986},"OpenNLP":{"application/xml":3.0502699493340787E-4,"image/png":0.0013613620477176494,"application/octet-stream":"Infinity","image/jpeg":7.751761393523186E-4,"application/pdf":6.197592853077499E-5,"application/msword":2.8778343934181403E-6,"application/atom+xml":2.242325885101812E-4,"image/gif":0.006030315859268414,"application/rdf+xml":1.7485205493071235E-5,"application/rss+xml":0.001209715801662636,"image/svg+xml":8.757793855618707E-5,"text/x-php":1.3797149030932706E-5,"application/xhtml+xml":0.008311353638187512,"text/html":0.0634813897938743,"text/x-matlab":2.8373780907019067E-4,"application/vnd.google-earth.kmz":1.6760407749795433E-4,"application/zip":9.145832578064579E-7,"image/vnd.microsoft.icon":1.686343377940025E-4,"video/quicktime":1.8291665156129158E-6,"application/x-gtar":9.322848692478732E-7,"text/plain":1.0708334954198262}}